,artists
0,The Weeknd
1,Taylor Swift
2,Ed Sheeran
3,Dua Lipa
4,Bad Bunny
5,Rihanna
6,Drake
7,Justin Bieber
8,Billie Eilish
9,Miley Cyrus
10,David Guetta
11,Travis Scott
12,Ariana Grande
13,Coldplay
14,Calvin Harris
15,Shakira
16,Eminem
17,Post Malone
18,Bruno Mars
19,Doja Cat
20,Nicki Minaj
21,SZA
22,Harry Styles
23,Olivia Rodrigo
24,Imagine Dragons
25,Kanye West
26,Maroon 5
27,Marshmello
28,KAROL G
29,Lana Del Rey
30,Sam Smith
31,21 Savage
32,Selena Gomez
33,Daddy Yankee
34,Lady Gaga
35,Metro Boomin
36,Future
37,Khalid
38,J Balvin
39,BeyoncÃ©
40,Adele
41,Katy Perry
42,Peso Pluma
43,Elton John
44,Queen
45,Chris Brown
46,Kendrick Lamar
47,OneRepublic
48,Myke Towers
49,Rauw Alejandro
50,Ozuna
51,Arctic Monkeys
52,Sia
53,Shawn Mendes
54,Bebe Rexha
55,TiÃ«sto
56,Halsey
57,Bizarrap
58,Charlie Puth
59,Ice Spice
60,J. Cole
61,Ellie Goulding
62,Anne-Marie
63,Madonna
64,Black Eyed Peas
65,Feid
66,Maluma
67,Camila Cabello
68,Swae Lee
69,Arijit Singh
70,One Direction
71,James Arthur
72,Farruko
73,Quevedo
74,Playboi Carti
75,The Chainsmokers
76,Pitbull
77,Gunna
78,Michael Jackson
79,Avicii
80,Kali Uchis
81,JAY-Z
82,Latto
83,XXXTENTACION
84,Manuel Turizo
85,Grupo Frontera
86,Lil Wayne
87,ROSALÃA
88,Pritam
89,Lil Uzi Vert
90,Aqua
91,Sean Paul
92,Linkin Park
93,P!nk
94,Diplo
95,Britney Spears
96,Jhayco
97,Shreya Ghoshal
98,BTS
99,Justin Timberlake
100,Fleetwood Mac
101,Jung Kook
102,Don Omar
103,Central Cee
104,Anuel AA
105,Jason Derulo
106,DJ Snake
107,Ava Max
108,Becky G
109,Rema
110,The Neighbourhood
111,Lewis Capaldi
112,A.R. Rahman
113,The Kid LAROI
114,Cardi B
115,50 Cent
116,Young Thug
117,Coi Leray
118,Demi Lovato
119,Alan Walker
120,Pharrell Williams
121,Wiz Khalifa
122,Lil Baby
123,Snoop Dogg
124,Macklemore
125,Red Hot Chili Peppers
126,Juice WRLD
127,The Beatles
128,Green Day
129,A$AP Rocky
130,"Tyler, The Creator"
131,DaBaby
132,Young Miko
133,Tainy
134,Lil Nas X
135,Labrinth
136,Creedence Clearwater Revival
137,Guns N' Roses
138,Dave
139,USHER
140,AC/DC
141,Kodak Black
142,Chencho Corleone
143,Sebastian Yatra
144,Hozier
145,RAYE
146,Nirvana
147,Nicky Jam
148,Miguel
149,Frank Ocean
150,ABBA
151,Lil Durk
152,Flo Rida
153,Troye Sivan
154,Robin Schulz
155,Kygo
156,Bon Jovi
157,Junior H
158,Ty Dolla $ign
159,Calum Scott
160,Steve Lacy
161,Jack Harlow
162,Eslabon Armado
163,Daniel Caesar
164,Stephen Sanchez
165,Bee Gees
166,The Police
167,Meghan Trainor
168,Fall Out Boy
169,DJ Khaled
170,FIFTY FIFTY
171,Maria Becerra
172,The Rolling Stones
173,Morgan Wallen
174,d4vd
175,Twenty One Pilots
176,Carin Leon
177,Lost Frequencies
178,NewJeans
179,Akon
180,David Kushner
181,PinkPantheress
182,Amitabh Bhattacharya
183,Metallica
184,Sabrina Carpenter
185,Mariah Carey
186,Major Lazer
187,Nelly Furtado
188,JVKE
189,Tame Impala
190,Swedish House Mafia
191,Tyga
192,Jonas Brothers
193,Alicia Keys
194,Yng Lvcas
195,Tory Lanez
196,ZAYN
197,Polo G
198,BLACKPINK
199,Yandel
200,Kid Cudi
201,Duki
202,Mac Miller
203,Radiohead
204,Enrique Iglesias
205,Pop Smoke
206,Anirudh Ravichander
207,Christina Aguilera
208,ArcÃ¡ngel
209,Glass Animals
210,Ryan Castro
211,Don Toliver
212,Alok
213,Romeo Santos
214,Luke Combs
215,Peggy Gou
216,Conan Gray
217,Aerosmith
218,Whitney Houston
219,Zara Larsson
220,Gorillaz
221,Tom Odell
222,Charli XCX
223,Disney
224,2Pac
225,Giveon
226,Joji
227,Em Beihold
228,R3HAB
229,Tate McRae
230,Fuerza Regida
231,Panic! At The Disco
232,Dr. Dre
233,Jennifer Lopez
234,El Alfa
235,Ne-Yo
236,Childish Gambino
237,Martin Garrix
238,Billy Joel
239,Vance Joy
240,Eladio Carrion
241,Trippie Redd
242,Mark Ronson
243,Macklemore & Ryan Lewis
244,Ryan Lewis
245,The Lumineers
246,Shilpa Rao
247,Nicki Nicole
248,Mora
249,Megan Thee Stallion
250,Elley DuhÃ©
251,The Killers
252,Kim Petras
253,Luis Fonsi
254,MÃ¥neskin
255,Vishal-Shekhar
256,Sachin-Jigar
257,Skrillex
258,Paramore
259,MEDUZA
260,Clean Bandit
261,Camilo
262,The Notorious B.I.G.
263,Brent Faiyaz
264,Felix Jaehn
265,Lizzo
266,Jonas Blue
267,John Legend
268,Lorde
269,Sech
270,Outkast
271,Zach Bryan
272,Summer Walker
273,JID
274,Wisin & Yandel
275,Foo Fighters
276,Phil Collins
277,Bastille
278,Zion & Lennox
279,Roddy Ricch
280,Tanishk Bagchi
281,Anitta
282,Eagles
283,Natanael Cano
284,TOTO
285,Offset
286,Plan B
287,NLE Choppa
288,U2
289,Oasis
290,Lauv
291,Jubin Nautiyal
292,KK
293,Anderson .Paak
294,Burna Boy
295,Tears For Fears
296,Udit Narayan
297,Marvin Gaye
298,Ruth B.
299,Daft Punk
300,Rels B
301,Tiago PZK
302,Chris Stapleton
303,Christian Nodal
304,Bryan Adams
305,5 Seconds of Summer
306,Reik
307,Darshan Raval
308,Timbaland
309,Bob Marley & The Wailers
310,Gabito Ballesteros
311,Alesso
312,Florence + The Machine
313,PNAU
314,A Boogie Wit da Hoodie
315,B.o.B
316,Grupo Firme
317,Stevie Wonder
318,TINI
319,Alka Yagnik
320,Jay Wheeler
321,Nelly
322,Kesha
323,Shankar Mahadevan
324,Big Sean
325,Becky Hill
326,Julia Michaels
327,Pink Floyd
328,Hotel Ugly
329,The Offspring
330,MC Kevin o Chris
331,Danny Ocean
332,Migos
333,Led Zeppelin
334,Avril Lavigne
335,Juanes
336,Journey
337,Vishal Mishra
338,French Montana
339,Train
340,Doechii
341,Piso 21
342,Jonita Gandhi
343,R.E.M.
344,Carly Rae Jepsen
345,Elvis Presley
346,Oliver Tree
347,blink-182
348,Cigarettes After Sex
349,Alec Benjamin
350,"Earth, Wind & Fire"
351,Kelly Clarkson
352,League of Legends
353,Joel Corry
354,Dire Straits
355,a-ha
356,Shaggy
357,Aventura
358,System Of A Down
359,ManÃ¡
360,Daryl Hall & John Oates
361,BeÃ©le
362,blackbear
363,Justin Quiles
364,Little Mix
365,Ãengo Flow
366,Luis Miguel
367,Dean Lewis
368,De La Ghetto
369,YoungBoy Never Broke Again
370,Baby Keem
371,Alessia Cara
372,PARTYNEXTDOOR
373,Vishal Dadlani
374,Niall Horan
375,Jason Mraz
376,G-Eazy
377,Backstreet Boys
378,Sonu Nigam
379,The Cranberries
380,The Cure
381,Chinmayi
382,Lil Tjay
383,Atif Aslam
384,Cris Mj
385,Steve Aoki
386,Mac DeMarco
387,David Bowie
388,Shania Twain
389,Emilia
390,George Michael
391,Imanbek
392,Dominic Fike
393,Libianca
394,The Script
395,Russ
396,George Ezra
397,Nile Rodgers
398,Jasleen Royal
399,FMK
400,Mohit Chauhan
401,Zedd
402,Gucci Mane
403,Bryson Tiller
404,Luis R Conriquez
405,Prince Royce
406,Mc Gw
407,Eden MuÃ±oz
408,Lynyrd Skynyrd
409,NF
410,LUDMILLA
411,Quavo
412,Bill Withers
413,Sachet Tandon
414,Bruce Springsteen
415,AP Dhillon
416,Ice Cube
417,Lil Tecca
418,LIT killah
419,Kungs
420,Jax Jones
421,Topic
422,Ella Henderson
423,Los Ãngeles Azules
424,Jessie J
425,Tove Lo
426,Bad Gyal
427,benny blanco
428,Rosa Linn
429,Lord Huron
430,Gesaffelstein
431,Tokischa
432,Banda MS de Sergio LizÃ¡rraga
433,Keane
434,The White Stripes
435,MC Ryan SP
436,Badshah
437,The Goo Goo Dolls
438,John Mayer
439,Shankar-Ehsaan-Loy
440,Nickelback
441,070 Shake
442,Ana Castela
443,My Chemical Romance
444,Sunidhi Chauhan
445,Cyndi Lauper
446,Bon Iver
447,Kings of Leon
448,Ricky Martin
449,beabadoobee
450,Brray
451,Noah Kahan
452,Gwen Stefani
453,TV Girl
454,Blessd
455,Santana
456,Julieta Venegas
457,Gabry Ponte
458,Ovy On The Drums
459,DENNIS
460,NATTI NATASHA
461,Amy Winehouse
462,Annie Lennox
463,6LACK
464,Black Sabbath
465,Carlos Vives
466,B Praak
467,Kylie Minogue
468,Alejandro FernÃ¡ndez
469,Lil Peep
470,Bomba EstÃ©reo
471,Armin van Buuren
472,Jain
473,Rusherking
474,Mike Posner
475,Morat
476,Clairo
477,Big One
478,Kunaal Vermaa
479,Lenny TavÃ¡rez
480,Disclosure
481,Melanie Martinez
482,Madison Beer
483,Purple Disco Machine
484,Weezer
485,Frank Sinatra
486,Mithoon
487,Fred again..
488,Armaan Malik
489,Kacey Musgraves
490,Benson Boone
491,Jorja Smith
492,Meek Mill
493,Tony Dize
494,Destiny's Child
495,DJ Luian
496,Milky Chance
497,Lukas Graham
498,Empire of the Sun
499,New West
500,Van Halen
501,Passenger
502,Neha Kakkar
503,Parampara Tandon
504,D-Block Europe
505,Jaani
506,24kGoldn
507,Mambo Kingz
508,Paulo Londra
509,Tones And I
510,Himesh Reshammiya
511,Rita Ora
512,Kehlani
513,Zendaya
514,Asees Kaur
515,Limp Bizkit
516,Gym Class Heroes
517,Galantis
518,Maren Morris
519,Rae Sremmurd
520,Los Tucanes De Tijuana
521,Arcane
522,Sam Feldt
523,Tems
524,The 1975
525,Foster The People
526,Cage The Elephant
527,Tulsi Kumar
528,Grupo Marca Registrada
529,Jesse & Joy
530,Alejandro Sanz
531,X Ambassadors
532,Sean Kingston
533,Rochak Kohli
534,Depeche Mode
535,Javed Ali
536,Dolly Parton
537,Dan + Shay
538,Coolio
539,King
540,Eyedress
541,Rex Orange County
542,Muse
543,Neeti Mohan
544,Silk Sonic
545,sped up nightcore
546,Ms. Lauryn Hill
547,Fast & Furious: The Fast Saga
548,Aitana
549,Wisin
550,Machine Gun Kelly
551,CÃ©line Dion
552,Florida Georgia Line
553,Lil Yachty
554,Shubh
555,Scorpions
556,Kordhell
557,Pearl Jam
558,KISS
559,Bazzi
560,Bring Me The Horizon
561,DJ Nelson
562,Chase Atlantic
563,Amaal Mallik
564,WILLOW
565,Dulquer Salmaan
566,Tammi Terrell
567,Blondie
568,The Smiths
569,Hariharan
570,Pablo AlborÃ¡n
571,Jowell & Randy
572,Laufey
573,The Strokes
574,Nicky Youre
575,Taio Cruz
576,Boney M.
577,girl in red
578,LuÃ­sa Sonza
579,Milo j
580,Yahritza Y Su Esencia
581,Van Morrison
582,The Game
583,Jack Johnson
584,NAV
585,Dermot Kennedy
586,Nio Garcia
587,MGMT
588,MarÃ­lia MendonÃ§a
589,Lata Mangeshkar
590,Gusttavo Lima
591,MNEK
592,Electric Light Orchestra
593,Jeremih
594,S3BZS
595,Kane Brown
596,Mc Don Juan
597,Evanescence
598,Benny Dayal
599,Bradley Cooper
600,Sid Sriram
601,Mau y Ricky
602,Henrique & Juliano
603,iann dior
604,Chino Pacas
605,Sky Rompiendo
606,Rahat Fateh Ali Khan
607,Fergie
608,Rick Ross
609,Payal Dev
610,Loreen
611,Foreigner
612,Eurythmics
613,Tyler Childers
614,Hailee Steinfeld
615,Gustavo Mioto
616,The Beach Boys
617,Selena Gomez & The Scene
618,Christina Perri
619,Dalex
620,Shekhar Ravjiani
621,Oscar Maydon
622,Chayanne
623,Matheus & Kauan
624,Yeat
625,Eric Clapton
626,Logic
627,M83
628,Luan Pereira
629,Michael BublÃ©
630,Noah Cyrus
631,Slipknot
632,S. P. Balasubrahmanyam
633,Ashe
634,will.i.am
635,Blur
636,Goodboys
637,Seeb
638,keshi
639,Kumaar
640,Felipe Amorim
641,Tina Turner
642,Calibre 50
643,CKay
644,Thundercat
645,Beach House
646,Normani
647,Morad
648,Luan Santana
649,James Hype
650,Jatin-Lalit
651,Busta Rhymes
652,dazy
653,T-Pain
654,DNCE
655,Robbie Williams
656,Loud Luxury
657,SYML
658,SalimâSulaiman
659,Sigala
660,James Blunt
661,Ke Personajes
662,ZÃ© Neto & Cristiano
663,Luke Bryan
664,The Clash
665,Sade
666,AURORA
667,V
668,Saiko
669,A$AP Ferg
670,James Bay
671,Spice Girls
672,Lyanno
673,Paul McCartney
674,Tracy Chapman
675,INNA
676,Mari Fernandez
677,Johnny Cash
678,Wham!
679,Papa Roach
680,Aretha Franklin
681,Key Glock
682,The Pussycat Dolls
683,Ciara
684,Kate Bush
685,Sukhwinder Singh
686,FISHER
687,Lionel Richie
688,Anu Malik
689,WALK THE MOON
690,Simon & Garfunkel
691,Marc Anthony
692,Yuvan Shankar Raja
693,Billy Idol
694,Altamash Faridi
695,John Newman
696,3 Doors Down
697,Zac Brown Band
698,John Martin
699,K. S. Chithra
700,Los Enanitos Verdes
701,Cults
702,Lin-Manuel Miranda
703,Mitski
704,Prince
705,Kadu Martins
706,Santa Fe Klan
707,Devi Sri Prasad
708,Tom Petty
709,Moneybagg Yo
710,The Walters
711,(G)I-DLE
712,Ãejo
713,Jorge & Mateus
714,Brytiago
715,YG
716,Dove Cameron
717,Jaymes Young
718,The Doors
719,Soulja Boy
720,James Blake
721,$uicideboy$
722,Leon Bridges
723,Stromae
724,Joan Sebastian
725,Diljit Dosanjh
726,Amit Trivedi
727,Manu Chao
728,LISA
729,Seafret
730,JhenÃ© Aiko
731,Israel & Rodolffo
732,H.E.R.
733,SOG
734,Wesley SafadÃ£o
735,YNW Melly
736,Gurinder Gill
737,Diddy
738,Maiara & Maraisa
739,Carrie Underwood
740,Timmy Trumpet
741,Rod Stewart
742,The Smashing Pumpkins
743,Bailey Zimmerman
744,Bob Sinclar
745,La Oreja de Van Gogh
746,Gotye
747,Nas
748,Dimitri Vegas & Like Mike
749,Yo Yo Honey Singh
750,SofÃ­a Reyes
751,Counting Crows
752,Thaman S
753,Cosculluela
754,Hombres G
755,T.I.
756,La Adictiva
757,Juan Luis Guerra 4.40
758,TLC
759,Lenny Kravitz
760,Roxette
761,Justine Skye
762,Rammstein
763,INTERWORLD
764,Disturbed
765,Ben E. King
766,Ayra Starr
767,Rudimental
768,Chance the Rapper
769,6ix9ine
770,Darell
771,Sasha Alex Sloan
772,Jeremy Zucker
773,Beach Weather
774,Camila
775,KHEA
776,Soda Stereo
777,Shouse
778,Mumford & Sons
779,Korn
780,Mary J. Blige
781,Olivia Newton-John
782,KALEO
783,Survivor
784,John Lennon
785,Guilherme & Benuto
786,Cartel De Santa
787,2 Chainz
788,Kumar Sanu
789,Danna Paola
790,Cazzu
791,Shinda Kahlon
792,bbno$
793,Gigi D'Agostino
794,Jordan Davis
795,A7S
796,Fifth Harmony
797,fun.
798,Belanova
799,FAST BOY
800,Flume
801,Veigh
802,Mc Livinho
803,Regard
804,TOMORROW X TOGETHER
805,Thomas Rhett
806,SAINt JHN
807,Jess Glynne
808,Matheus Fernandes
809,Zion
810,AJR
811,Kenny Loggins
812,Wizkid
813,Marco Antonio SolÃ­s
814,Shadab Faridi
815,Three Days Grace
816,GAYLE
817,Kimbra
818,Yusuf / Cat Stevens
819,Hans Zimmer
820,Jessie Reyez
821,Lizzy McAlpine
822,Sadhana Sargam
823,Taiu
824,Owl City
825,Supertramp
826,NIKI
827,Simone Mendes
828,Chief Keef
829,Sting
830,MAGIC!
831,Natalia Lafourcade
832,Gera MX
833,Riton
834,TWICE
835,Sidhu Moose Wala
836,The Fray
837,Kelsea Ballerini
838,KayBlack
839,L7NNON
840,Grupo Menos Ã Mais
841,Trueno
842,INXS
843,Sleepy Hallow
844,Kany GarcÃ­a
845,Birdy
846,Mae Stephens
847,Alfredo Olivas
848,Bacilos
849,MC Cabelinho
850,Sum 41
851,Colbie Caillat
852,Los Tigres Del Norte
853,Juan Gabriel
854,Zac Efron
855,The Mamas & The Papas
856,sped up + slowed
857,Otis Redding
858,BÃRNS
859,Mc Pedrinho
860,Stormzy
861,Karthik
862,Dhvani Bhanushali
863,Jimmy Eat World
864,Tim McGraw
865,Rage Against The Machine
866,Jason Aldean
867,Icona Pop
868,Phoebe Bridgers
869,Tego CalderÃ³n
870,MK
871,Lunay
872,The Black Keys
873,C. Tangana
874,Ryan Gosling
875,Migrantes
876,Harris Jayaraj
877,BIA
878,Nadin Amizah
879,Fireboy DML
880,Isabel LaRosa
881,YOASOBI
882,Pedro CapÃ³
883,AgroPlay
884,Rascal Flatts
885,James Carter
886,Kailash Kher
887,JuliÃ³n Ãlvarez y su NorteÃ±o Banda
888,Mustard
889,Yuridia
890,Ofenbach
891,Cher
892,MARINA
893,ILLENIUM
894,Ozzy Osbourne
895,Bob Dylan
896,Young Nudy
897,AminÃ©
898,LE SSERAFIM
899,Heart
900,Pixies
901,Cordae
902,R. D. Burman
903,Jeet Gannguli
904,Takeoff
905,Fujii Kaze
906,Smash Mouth
907,Vicente FernÃ¡ndez
908,Kansas
909,Matt Sassari
910,Rag'n'Bone Man
911,Ghea Indrawari
912,Pink Sweat$
913,Shaan
914,GIMS
915,Hoobastank
916,Kaliii
917,Bonnie Tyler
918,Mon Laferte
919,Gnarls Barkley
920,Thalia
921,No Doubt
922,M.I.A.
923,Sfera Ebbasta
924,Snow Patrol
925,Eric Church
926,Ghost
927,DMX
928,Louis Armstrong
929,Carla Morrison
930,ZZ Top
931,El Fantasma
932,Wolfine
933,Lola Indigo
934,Dilsinho
935,ENHYPEN
936,Ski Mask The Slump God
937,Mahalini
938,Tulus
939,Sam Hunt
940,Bakar
941,MC PH
942,XamÃ£
943,Oliver Heldens
944,Dj Nk Da Serra
945,Will Smith
946,Ajay-Atul
947,Kool & The Gang
948,DJ Matt D
949,The Temptations
950,Bryant Myers
951,Portugal. The Man
952,G. V. Prakash
953,Noriel
954,Jasiel NuÃ±ez
955,Avenged Sevenfold
956,Jimi Hendrix
957,Miranda!
958,Rvssian
959,Shiloh Dynasty
960,Edgardo NuÃ±ez
961,Ranveer Singh
962,The Who
963,Asha Bhosle
964,Kavita Krishnamurthy
965,Vulgo FK
966,Karan Aujla
967,Ãngela Aguilar
968,Saweetie
969,Jon Pardi
970,Capital Cities
971,PolimÃ¡ Westcoast
972,Jimin
973,Rajat Nagpal
974,Willy William
975,Sajid-Wajid
976,Oliver Anthony Music
977,Micro TDH
978,HUGEL
979,Sachet-Parampara
980,Simple Minds
981,ScHoolboy Q
982,Benny Benassi
983,Duran Duran
984,Beastie Boys
985,Deftones
986,Lykke Li
987,MAX
988,"Tito ""El Bambino"""
989,Andy Grammer
990,Sufjan Stevens
991,Paloma Faith
992,NATTAN
993,Dread Mar I
994,Blake Shelton
995,Roop Kumar Rathod
996,Guru Randhawa
997,Joey Bada$$
998,Sublime
999,Diego & Victor Hugo
1000,The Verve
1001,Alan Jackson
1002,Internet Money
1003,Fetty Wap
1004,Men At Work
1005,John Denver
1006,MÃ¶tley CrÃ¼e
1007,Vacations
1008,Nathan Dawe
1009,Odetari
1010,FINNEAS
1011,Javed-Mohsin
1012,Chicago
1013,Missy Elliott
1014,dhruv
1015,LMFAO
1016,Ella Eyre
1017,Juan MagÃ¡n
1018,Miguel BosÃ©
1019,The Doobie Brothers
1020,Thirty Seconds To Mars
1021,Surf Curse
1022,Soft Cell
1023,Norah Jones
1024,The Outfield
1025,Kodaline
1026,Aya Nakamura
1027,The Cardigans
1028,Richy Mitch & The Coal Miners
1029,alt-J
1030,Rvfv
1031,Miggy Dela Rosa
1032,Two Feet
1033,Nikhita Gandhi
1034,Anggi Marito
1035,Ali Gatie
1036,The Jackson 5
1037,King Von
1038,VIZE
1039,Creeds
1040,Steve Miller Band
1041,Talking Heads
1042,The MarÃ­as
1043,Of Monsters and Men
1044,Kenny Chesney
1045,Tiara Andini
1046,Ricardo Arjona
1047,Hugo & Guilherme
1048,LANY
1049,Zack Tabudlo
1050,Sandro Cavazza
1051,Standly
1052,Mahalakshmi Iyer
1053,Duncan Laurence
1054,Maggie Rogers
1055,ACRAZE
1056,Montell Fish
1057,Grey
1058,Bakermat
1059,George Strait
1060,JosÃ© JosÃ©
1061,Dynoro
1062,Tom Grennan
1063,Gerardo Coronel
1064,Paul Simon
1065,Men I Trust
1066,Old Dominion
1067,Supernova Ent
1068,Haze
1069,Sheryl Crow
1070,Davido
1071,Dj Brunin XM
1072,Dido
1073,LUM!X
1074,Stray Kids
1075,Darius Rucker
1076,Starship
1077,Cheat Codes
1078,Intense
1079,Ray Charles
1080,America
1081,Lenin RamÃ­rez
1082,Deorro
1083,Lauren Spencer Smith
1084,Calle 13
1085,Pailita
1086,Gerardo Ortiz
1087,Mainstreet
1088,Fugees
1089,Rekha Bhardwaj
1090,HARDY
1091,Carlos Rivera
1092,Blxst
1093,Bibi Babydoll
1094,Mc Paiva ZS
1095,Dei V
1096,The Vamps
1097,OMI
1098,ZÃ© Felipe
1099,Tom Petty and the Heartbreakers
1100,LiL CaKe
1101,Bvga Beatz
1102,Mabel
1103,Santhosh Narayanan
1104,Abhijeet
1105,Varun Jain
1106,Alan Menken
1107,Lee Brice
1108,Tito Double P
1109,Miranda Lambert
1110,Iron Maiden
1111,Robert Miles
1112,Willie Nelson
1113,Dusty Springfield
1114,MKTO
1115,Ha*Ash
1116,Sash!
1117,Niklas Dee
1118,JP Saxe
1119,Omar Apollo
1120,Casper Magico
1121,Cody Johnson
1122,Elderbrook
1123,American Authors
1124,WIU
1125,Mc Daniel
1126,Jessie Murph
1127,Oh Wonder
1128,Haricharan
1129,Gminxr
1130,aespa
1131,Keith Urban
1132,BYOR
1133,La Bouche
1134,UB40
1135,JP Cooper
1136,Nina Simone
1137,Beach Bunny
1138,Shweta Mohan
1139,Selena
1140,John Travolta
1141,Rashmi Virag
1142,Victoria MonÃ©t
1143,DJ 900
1144,MC Hariel
1145,Sin Bandera
1146,Majid Jordan
1147,Murilo Huff
1148,Years & Years
1149,Diana Ross
1150,Gryffin
1151,Neeraj Shridhar
1152,Boston
1153,Brooks & Dunn
1154,VINAI
1155,4 Non Blondes
1156,Jay Sean
1157,Parmish Verma
1158,Cali Y El Dandee
1159,Why Don't We
1160,Ana Gabriel
1161,Belinda
1162,Skillet
1163,Keyshia Cole
1164,Lady A
1165,Patrick Watson
1166,IVE
1167,Mario
1168,Pineapple StormTv
1169,Freddie Dredd
1170,J Hus
1171,The Animals
1172,Mike WiLL Made-It
1173,El Jordan 23
1174,Omega
1175,ZECCA
1176,Luny Tunes
1177,Haddaway
1178,Shaarib Toshi
1179,Antara Mitra
1180,Sam Cooke
1181,Iggy Azalea
1182,Nusrat Fateh Ali Khan
1183,Powfu
1184,George Harrison
1185,Etta James
1186,Caralisa Monteiro
1187,Jul
1188,John Summit
1189,Masked Wolf
1190,Crazy Mano
1191,Audioslave
1192,Kavita Seth
1193,GAMPER & DADONI
1194,Brando
1195,Virgoun
1196,Palak Muchhal
1197,David Bisbal
1198,Novo Amor
1199,Baco Exu do Blues
1200,Wallows
1201,Jungle
1202,Axwell /\ Ingrosso
1203,Def Leppard
1204,Two Door Cinema Club
1205,Naresh Iyer
1206,Nick Jonas
1207,Bob Seger
1208,Tion Wayne
1209,Cascada
1210,Kenny Rogers
1211,Connor Price
1212,Queens of the Stone Age
1213,Tz da Coronel
1214,Laura Pausini
1215,Guaynaa
1216,Marc SeguÃ­
1217,HAIM
1218,Wall Hein
1219,Natasha Bedingfield
1220,Joan Jett & the Blackhearts
1221,Lainey Wilson
1222,Vintage Culture
1223,Julian Perretta
1224,RÃ­o Roma
1225,Pamungkas
1226,Jelly Roll
1227,Mother Mother
1228,Ilaiyaraaja
1229,Alice In Chains
1230,Trey Songz
1231,Rich Brian
1232,Neil Diamond
1233,Lil Mosey
1234,The Paper Kites
1235,Rod Wave
1236,BoyWithUke
1237,Pepe Aguilar
1238,MIKA
1239,Hiphop Tamizha
1240,Cristian Castro
1241,Raim Laode
1242,AlemÃ¡n
1243,The Temper Trap
1244,Genesis
1245,MF DOOM
1246,Soolking
1247,Ella Mai
1248,Jon Z
1249,Carlos Baute
1250,The Wanted
1251,Rise Against
1252,Jaideep Sahni
1253,Dennis Lloyd
1254,Alisha Chinai
1255,Kevin Kaarl
1256,Iyaz
1257,Ricardo Montaner
1258,La Arrolladora Banda El LimÃ³n De Rene Camacho
1259,Chris Jedi
1260,MÃ
1261,Franz Ferdinand
1262,Leo Santana
1263,Mc IG
1264,Melody
1265,Neon Trees
1266,Kishore Kumar
1267,Manuel Medrano
1268,RocÃ­o DÃºrcal
1269,Roy Orbison
1270,Young the Giant
1271,Franco De Vita
1272,Trinix
1273,Sleeping At Last
1274,Tinashe
1275,Incubus
1276,Beck
1277,Chuck Berry
1278,Ludovico Einaudi
1279,Johann Sebastian Bach
1280,Feby Putri
1281,ZoÃ©
1282,MatuÃª
1283,Nakash Aziz
1284,Hindia
1285,Gazo
1286,Kanii
1287,JENNIE
1288,Kenshi Yonezu
1289,Ikky
1290,BONES
1291,Edward Maya
1292,Sofi Tukker
1293,KAYTRANADA
1294,Fitz and The Tantrums
1295,Fivio Foreign
1296,Lil Jon
1297,SEVENTEEN
1298,Jarabe De Palo
1299,Simple Plan
1300,Omah Lay
1301,Whethan
1302,Gracie Abrams
1303,DVRST
1304,*NSYNC
1305,Los Dos Carnales
1306,Leona Lewis
1307,Shashaa Tirupati
1308,The Kooks
1309,PEDRO SAMPAIO
1310,Cole Swindell
1311,Filipe Ret
1312,Stebin Ben
1313,Omar Montes
1314,Alanis Morissette
1315,AndrÃ©s Calamaro
1316,Dhanush
1317,Social House
1318,BM
1319,Chelsea Cutler
1320,Father John Misty
1321,Tochi Raina
1322,The All-American Rejects
1323,Ankit Tiwari
1324,Arunraja Kamaraj
1325,Alex Rose
1326,Fatboy Slim
1327,Banda El Recodo
1328,Rick Astley
1329,Pol Granch
1330,Luciano
1331,Irene Cara
1332,Gulzar
1333,Ivan Cornejo
1334,Gloria Gaynor
1335,The Kinks
1336,Gente De Zona
1337,The Proclaimers
1338,Vijay Prakash
1339,Hades66
1340,Paulina Rubio
1341,Eros Ramazzotti
1342,Travis Barker
1343,Aaliyah
1344,Lasso
1345,CNCO
1346,Far East Movement
1347,AFROJACK
1348,Idina Menzel
1349,TarcÃ­sio do Acordeon
1350,Brandi Carlile
1351,Kxllswxtch
1352,La Joaqui
1353,Harrdy Sandhu
1354,All Time Low
1355,CafÃ© Tacvba
1356,Kausar Munir
1357,Surfaces
1358,Crowded House
1359,Intocable
1360,GROUPLOVE
1361,Sixpence None The Richer
1362,Soundgarden
1363,Ricky Montgomery
1364,Fat Joe
1365,Anuradha Paudwal
1366,Fiersa Besari
1367,Melendi
1368,JT
1369,Jory Boy
1370,Hippie Sabotage
1371,Angel Y Khriz
1372,Manoj Muntashir
1373,Baby Rasta
1374,Adolescent's Orquesta
1375,Dyamante DJ
1376,Calle 24
1377,Katrina & The Waves
1378,Five Finger Death Punch
1379,Aditya A
1380,Ninho
1381,Heuss L'enfoirÃ©
1382,Tom Walker
1383,Gajendra Verma
1384,Mika Singh
1385,Tinie Tempah
1386,NUEKI
1387,Meet Bros.
1388,Europe
1389,MC Rogerinho
1390,Orochi
1391,Ajaxx
1392,Salve Malak
1393,Willie ColÃ³n
1394,Luar La L
1395,Don McLean
1396,DJ Jeeh FDC
1397,Denzel Curry
1398,$NOT
1399,Marquinho no Beat
1400,Ja Rule
1401,Zoe Wees
1402,Skylar Grey
1403,twocolors
1404,Arjun Kanungo
1405,London Symphony Orchestra
1406,Marca MP
1407,The Cars
1408,Eve
1409,Hardwell
1410,KC & The Sunshine Band
1411,Culture Club
1412,Prezioso
1413,Don Diablo
1414,NBSPLV
1415,Trevor Daniel
1416,SLANDER
1417,Yung Gravy
1418,Tiakola
1419,G Herbo
1420,wave to earth
1421,D.O.D
1422,Falling In Reverse
1423,Matchbox Twenty
1424,Ludwig van Beethoven
1425,YUNGBLUD
1426,Gloria Groove
1427,Naeleck
1428,Lily Allen
1429,Ferrugem
1430,Marilyn Manson
1431,Dom Dolla
1432,Shafqat Amanat Ali
1433,Kenia OS
1434,Jamie Miller
1435,HVME
1436,Dreamville
1437,BANNERS
1438,Lil Pump
1439,Ayushmann Khurrana
1440,Toosii
1441,Duke Dumont
1442,Megan Moroney
1443,Masego
1444,Callejero Fino
1445,Gloria Estefan
1446,88rising
1447,Kina
1448,Michelle Maciel
1449,Cavetown
1450,Gloria Trevi
1451,KEVIN ROLDAN
1452,Ace of Base
1453,Billy Ray Cyrus
1454,Adriano Rhod
1455,Ludacris
1456,Joyner Lucas
1457,Deep Purple
1458,Marta SÃ¡nchez
1459,Los Bukis
1460,J Alvarez
1461,Anand Raj Anand
1462,42 Dugg
1463,Lalo Ebratt
1464,Michael Schulte
1465,Astrid S
1466,La Quinta Estacion
1467,Mariah Angeliq
1468,Los Dareyes De La Sierra
1469,Martin Jensen
1470,Moby
1471,Mc Delux
1472,Slowboy
1473,Jim Croce
1474,Garry Sandhu
1475,Joe Cocker
1476,LeÃ³n Larregui
1477,Tony Aguirre
1478,Faye Webster
1479,Cassie
1480,Dierks Bentley
1481,JISOO
1482,Djonga
1483,Roar
1484,Commodores
1485,Russ Millions
1486,Toby Keith
1487,Seether
1488,Vansire
1489,Thalapathy Vijay
1490,Khruangbin
1491,Eric Prydz
1492,Buffalo Springfield
1493,Fonseca
1494,Aziz Hedra
1495,Shakthisree Gopalan
1496,Yot Club
1497,Nightcrawlers
1498,Stone Temple Pilots
1499,Frankie Valli & The Four Seasons
1500,ITZY
1501,Ray Dalton
1502,Al Green
1503,Hesham Abdul Wahab
1504,Cypress Hill
1505,El Komander
1506,Oruam
1507,Yeah Yeah Yeahs
1508,Greeicy
1509,Plain White T's
1510,Ashanti
1511,Dallass
1512,Oxlade
1513,The Living Tombstone
1514,Nessa Barrett
1515,Xand AviÃ£o
1516,Aldo Ranks
1517,Rob49
1518,Olly Murs
1519,Gilberto Santa Rosa
1520,Emma Steinbakken
1521,Tai Verdes
1522,Ãneheart
1523,Gala
1524,Armani White
1525,YouNotUs
1526,Cardenales De Nuevo LeÃ³n
1527,ODESZA
1528,9lives
1529,Dustin Lynch
1530,JACKBOYS
1531,Nat King Cole
1532,Prod Malax
1533,KSHMR
1534,The Hollies
1535,Lyodra
1536,Elle King
1537,ARIZONATEARS
1538,Bruno & Marrone
1539,Charlie Brown Jr.
1540,Matisse
1541,Pet Shop Boys
1542,El Chapo De Sinaloa
1543,Dhee
1544,Sujatha
1545,Eric Land
1546,Asal Kolaar
1547,Neo Beats
1548,Pantera
1549,Nes
1550,The Alchemist
1551,Bronco
1552,Apache 207
1553,Mc Mika
1554,Creed
1555,Aitch
1556,Romy
1557,Wu-Tang Clan
1558,Ashnikko
1559,Nagalli
1560,ATB
1561,Alvaro Soler
1562,Sanjay Leela Bhansali
1563,1nonly
1564,Kotim
1565,LATIN MAFIA
1566,Jimmy Buffett
1567,Crystal Castles
1568,Dj Chris No Beat
1569,Blackstreet
1570,John Mellencamp
1571,Mr.Kitty
1572,Toploader
1573,Tinlicker
1574,Lauren Daigle
1575,Ramones
1576,Nardo Wick
1577,Anuv Jain
1578,Yandar & Yostin
1579,Banda Los Recoditos
1580,raissa anggiani
1581,Krono
1582,Vampire Weekend
1583,Breaking Benjamin
1584,Indila
1585,Lazza
1586,Mr. Probz
1587,deadmau5
1588,Muni Long
1589,Maite Perroni
1590,Semicenk
1591,Disciples
1592,Stealers Wheel
1593,Aaron Smith
1594,W&W
1595,Clayton & RomÃ¡rio
1596,Vijay Yesudas
1597,Abraham Mateo
1598,TAEYANG
1599,CamelPhat
1600,Luck Ra
1601,Perera DJ
1602,Matt Maltese
1603,Leo Dan
1604,Matoma
1605,Tungevaag
1606,Ginuwine
1607,Beret
1608,ERNEST
1609,JoÃ£o Gomes
1610,RXDXVIL
1611,Hiko
1612,Teto
1613,RÃFÃS DU SOL
1614,Wale
1615,Waka Flocka Flame
1616,Majestic
1617,Steely Dan
1618,Bobby Pulido
1619,Grimes
1620,Ãwnboss
1621,The xx
1622,Corinne Bailey Rae
1623,Last Child
1624,M. M. Keeravani
1625,EXO
1626,PÃ©ricles
1627,Young Money
1628,Wolfgang Amadeus Mozart
1629,Bea Miller
1630,Wyclef Jean
1631,Natalie Imbruglia
1632,Kiki Dee
1633,Adriel Favela
1634,Pusha T
1635,Celia Cruz
1636,Dulce MarÃ­a
1637,Dxrk ãã¼ã¯
1638,NCT DREAM
1639,Sara Bareilles
1640,Cuco
1641,Neoni
1642,Suki Waterhouse
1643,The National
1644,Kid Rock
1645,The Blessed Madonna
1646,Lilly Wood and The Prick
1647,Mc Poze do Rodo
1648,Panter BÃ©lico
1649,Ovi
1650,Jazzy
1651,Sukriti Kakar
1652,Bellakath
1653,LP
1654,BENEE
1655,Obongjayar
1656,bÃ´a
1657,RBD
1658,Lauana Prado
1659,Sadfriendd
1660,New Order
1661,Shinedown
1662,FrÃ©dÃ©ric Chopin
1663,Los AutÃ©nticos Decadentes
1664,Sheck Wes
1665,Alle Farben
1666,Westside Gunn
1667,Chris Young
1668,CRO
1669,Pesado
1670,Bruno Martini
1671,Chase & Status
1672,La Roux
1673,Kevin Gates
1674,Akhil
1675,Conor Maynard
1676,ThxSoMch
1677,Carly Simon
1678,DIVINE
1679,Mc Kevin
1680,gnash
1681,DDG
1682,The Emotions
1683,Ski Aggu
1684,Chefin
1685,Sam C.S.
1686,11:11 Music Group
1687,Simply Red
1688,Stevie Nicks
1689,Billy Currington
1690,Lucky Daye
1691,IU
1692,Rainbow Kitten Surprise
1693,Air Supply
1694,Anvita Dutt
1695,Mc Davi
1696,Alejo
1697,Boza
1698,AnahÃ­
1699,Kaskade
1700,The Bangles
1701,Grupo Niche
1702,Phantogram
1703,The Pointer Sisters
1704,RADWIMPS
1705,Lennon Stella
1706,Duelo
1707,Pat Benatar
1708,Arizona Zervas
1709,Alvaro Diaz
1710,Jet
1711,Ana Mena
1712,Suzanne D'Mello
1713,JubÃ«l
1714,Cat Burns
1715,Frankie Ruiz
1716,Gabby Barrett
1717,Brett Young
1718,thuy
1719,GoldLink
1720,Rob Zombie
1721,Ana BÃ¡rbara
1722,Chris Isaak
1723,Peter Gabriel
1724,Madism
1725,Dillon Francis
1726,TRASHXRL
1727,Red Velvet
1728,A Touch Of Class
1729,Alexander Stewart
1730,La Mosca Tse-Tse
1731,Kenny Dope
1732,Steppenwolf
1733,MC Menor MT
1734,Chino & Nacho
1735,Mike Perry
1736,Lily-Rose Depp
1737,Bryan Martin
1738,ChitÃ£ozinho & XororÃ³
1739,Hungria Hip Hop
1740,Tyler Hubbard
1741,Sub Urban
1742,James Taylor
1743,Whitesnake
1744,Caifanes
1745,Martin Solveig
1746,Rich The Kid
1747,Beny Jr
1748,Naldo Benny
1749,Elevation Worship
1750,PSY
1751,Kris Kross Amsterdam
1752,Money Man
1753,Wings
1754,Virlan Garcia
1755,ValentÃ­n Elizalde
1756,Bas
1757,LSD
1758,Los Temerarios
1759,Naps
1760,Yo Gotti
1761,Tom Jones
1762,Christian ChÃ¡vez
1763,A Tribe Called Quest
1764,La Ley
1765,Los Fabulosos Cadillacs
1766,RAF Camora
1767,Quality Control
1768,Aastha Gill
1769,Abhijay Sharma
1770,Modern Talking
1771,Teddy Swims
1772,Paradox
1773,Pierce The Veil
1774,Mc JacareÌ
1775,Alice Cooper
1776,Vanessa Carlton
1777,Ed Maverick
1778,Cookin' On 3 Burners
1779,"Grover Washington, Jr."
1780,Mark Morrison
1781,Ricchi E Poveri
1782,The Human League
1783,Dayglow
1784,City Girls
1785,Leony
1786,Dean Martin
1787,Sam Fischer
1788,salem ilese
1789,Klaas
1790,Nacho
1791,TOLCHONOV
1792,Capo Plaza
1793,Yiyo Sarante
1794,Edward Sharpe & The Magnetic Zeros
1795,Good Charlotte
1796,Asake
1797,Luude
1798,Codiciado
1799,Mabel Matiz
1800,Gaab
1801,Bone Thugs-N-Harmony
1802,GORDÃO DO PC
1803,imase
1804,Madhur Sharma
1805,REO Speedwagon
1806,Ari Abdul
1807,Dopamine
1808,The Rare Occasions
1809,Cian Ducrot
1810,Donna Summer
1811,Riley Green
1812,IZA
1813,Janet Jackson
1814,Afgan
1815,Dubdogz
1816,MoonDeity
1817,Ghostemane
1818,6arelyhuman
1819,KIDDO
1820,Andrea Bocelli
1821,Frankie Valli
1822,Dylan Scott
1823,Au/Ra
1824,Anand-Milind
1825,L-Gante
1826,Turma do Pagode
1827,Tom Rosenthal
1828,Maldy
1829,Omar Varela
1830,Don Henley
1831,southstar
1832,Haley Reinhart
1833,Luis Mexia
1834,Eddie Santiago
1835,Alan Gomez
1836,Savage Garden
1837,Stefflon Don
1838,Jigar Saraiya
1839,Baby Tate
1840,Angus & Julia Stone
1841,S. Janaki
1842,Helsloot
1843,N.W.A.
1844,Volbeat
1845,Flo Milli
1846,Dewa 19
1847,vaultboy
1848,Yebba
1849,Maninder Buttar
1850,Gur Sidhu
1851,Vidyasagar
1852,Yung Lean
1853,Keisya Levronka
1854,Sezen Aksu
1855,Thiaguinho
1856,For Revenge
1857,Mrs. GREEN APPLE
1858,Awdella
1859,Flowdan
1860,YOVNGCHIMI
1861,Still Woozy
1862,Canserbero
1863,Kim Carnes
1864,El Chachito
1865,Victor Thompson
1866,Riar Saab
1867,Clinton Kane
1868,Gipsy Kings
1869,Four Tops
1870,Elefante
1871,Lefty Sm
1872,Lupe Fiasco
1873,Sohail Sen
1874,Sonder
1875,Sevek
1876,Teezo Touchdown
1877,Jamie Foxx
1878,Baby Gang
1879,Huey Lewis & The News
1880,Eiffel 65
1881,LF SYSTEM
1882,Roberto Carlos
1883,CeeLo Green
1884,Jennifer Warnes
1885,ICON
1886,Salim Merchant
1887,UZI
1888,MC Caja
1889,SinÃ©ad O'Connor
1890,Mufasa & Hypeman
1891,g3ox_em
1892,Dexys Midnight Runners
1893,Tujamo
1894,K.Flay
1895,Idgitaf
1896,Supermode
1897,Summer Cem
1898,Bruno Major
1899,Jacquees
1900,Emmanuel
1901,Vundabar
1902,Enny-Mae
1903,Miky Woodz
1904,Batas Senja
1905,Daya
1906,Borges
1907,Lil Jon & The East Side Boyz
1908,Chris Lake
1909,The Chicks
1910,El Padrinito Toys
1911,Michael Giacchino
1912,CJ
1913,Xavier Wulf
1914,Hillsong Worship
1915,Fuego
1916,Phoenix
1917,Estelle
1918,La K'onga
1919,Jake Owen
1920,Claude Debussy
1921,Anuradha Sriram
1922,Ingratax
1923,Tornillo
1924,Westlife
1925,Mecano
1926,Reyli Barba
1927,Mae Muller
1928,JEON SOMI
1929,Skepta
1930,FKJ
1931,Damian Marley
1932,The Kolors
1933,Robin Thicke
1934,GuÃ¨
1935,Cedric Gervais
1936,Vishal Chandrashekhar
1937,CafunÃ©
1938,Pretenders
1939,Extreme
1940,Zeeba
1941,Alejandra Guzman
1942,Boyz II Men
1943,Randy
1944,Yura Yunita
1945,Hillsong UNITED
1946,La Factoria
1947,Brandy
1948,6YNTHMANE
1949,Marnik
1950,Amaarae
1951,Liam Payne
1952,Deepend
1953,Old Jim
1954,R. City
1955,Mobb Deep
1956,Yasser Desai
1957,The Calling
1958,Megadeth
1959,Budi Doremi
1960,"HÃ©ctor ""El Father"""
1961,Paloma Mami
1962,Hollow Coves
1963,Lola Amour
1964,Lifehouse
1965,Mohammed Rafi
1966,Declan McKenna
1967,Dadju
1968,AnnenMayKantereit
1969,The Score
1970,Damso
1971,Travie McCoy
1972,Slayer
1973,DannyLux
1974,Yohani
1975,JÃ³sean Log
1976,Lourena
1977,Chord Overstreet
1978,347aidan
1979,Natalie Cole
1980,AJ Tracey
1981,Miksu / Macloud
1982,Jakes Bejoy
1983,Safri Duo
1984,Punctual
1985,Auli'i Cravalho
1986,Love Funk
1987,OFFICIAL HIGE DANDISM
1988,Parker McCollum
1989,Los 2 de la S
1990,Vengaboys
1991,Bausa
1992,Yuri Redicopa
1993,Seal
1994,KYLE
1995,Axwell
1996,Sido
1997,reidenshi
1998,George Benson
1999,AngÃ¨le
2000,Tayc
2001,The Monkees
2002,creamy
2003,Walker Hayes
2004,Ami Mishra
2005,Aditya Rikhari
2006,Avvy Sra
2007,Sadie Jean
2008,Chris MC
2009,Yoko Gold
2010,Takagi & Ketra
2011,Jamiroquai
2012,Ruel
2013,Delacruz
2014,NDX A.K.A.
2015,A Day To Remember
2016,lucidbeatz
2017,Elvis Crespo
2018,Jerry Rivera
2019,Eliza Rose
2020,Edwin Luna y La Trakalosa de Monterrey
2021,Surf Mesa
2022,Polo Gonzalez
2023,Nicky Romero
2024,LUCKI
2025,Jay Rock
2026,Ezhel
2027,ANAVITÃRIA
2028,Twisted Sister
2029,JosÃ© GonzÃ¡lez
2030,John Williams
2031,Ziva Magnolya
2032,Walk off the Earth
2033,Dimitri Vegas
2034,Pras
2035,Marina Sena
2036,Vince Staples
2037,Jere Klein
2038,Jasmine Sandlas
2039,Juhn
2040,Tempoe
2041,Neto PeÃ±a
2042,Marracash
2043,Kelis
2044,Nathan Evans
2045,Gurlez Akhtar
2046,Billy Ocean
2047,Sharn
2048,Little Big Town
2049,NATHY PELUSO
2050,Mike BahÃ­a
2051,DJ LUCAS DE PAULA
2052,Naza
2053,Mareux
2054,zzoilo
2055,Antonio Vivaldi
2056,Yung Bleu
2057,JÃ£o
2058,Yuri
2059,EST Gee
2060,40k
2061,Brad Paisley
2062,Ivy Queen
2063,DJ BOY
2064,Young Dolph
2065,NOTD
2066,BLANCO
2067,Murda
2068,Rachel Platten
2069,Lil' Kim
2070,Aldo Trujillo
2071,Jass Manak
2072,Shenseea
2073,Andy Rivera
2074,Warren G
2075,Pradeep Kumar
2076,Felipe AraÃºjo
2077,Cream
2078,Amenazzy
2079,mxmtoon
2080,Lil Skies
2081,Desiigner
2082,Andmesh
2083,Dr. Dog
2084,Marisela
2085,Alex Gaudino
2086,Mau P
2087,Judas Priest
2088,NEIKED
2089,Ella Fitzgerald
2090,Dardan
2091,Josh Turner
2092,Brendon Urie
2093,K. J. Yesudas
2094,ANNA
2095,Cutting Crew
2096,Blue Ãyster Cult
2097,Victony
2098,Los Plebes del Rancho de Ariel Camacho
2099,Pancho Barraza
2100,Snoh Aalegra
2101,ChiChi Peralta
2102,Nate Smith
2103,Ariel Camacho y Los Plebes Del Rancho
2104,The Paul
2105,Lloyd
2106,Godsmack
2107,Rocco Hunt
2108,Michael Sembello
2109,MC LCKaiique
2110,BIBI
2111,Tori Kelly
2112,Nothing But Thieves
2113,MC PR
2114,PLK
2115,MC Marks
2116,Omar Courtz
2117,Simge
2118,Third Eye Blind
2119,Nanpa BÃ¡sico
2120,Arsy Widianto
2121,K-391
2122,yuji
2123,Andra & The Backbone
2124,Jay Trak
2125,Mohammed Irfan
2126,Belinda Carlisle
2127,Tee Grizzley
2128,MotÃ¶rhead
2129,Glee Cast
2130,Vini Vici
2131,Swarnalatha
2132,Cochise
2133,Armand Van Helden
2134,Alexandra Stan
2135,LAGOS
2136,Eric Carmen
2137,SIRA
2138,Russell Dickerson
2139,Blueface
2140,Bella Poarch
2141,BUNT.
2142,Juicy Luicy
2143,Tom Morello
2144,Mandy Moore
2145,The Righteous Brothers
2146,Shiva
2147,Clementine Douglas
2148,Michael Kiwanuka
2149,Sam Tinnesz
2150,Mimi Webb
2151,The Cinematic Orchestra
2152,Diego Torres
2153,Aruma
2154,Conjunto Primavera
2155,Bonez MC
2156,La Santa Grifa
2157,The Supremes
2158,Isaiah Rashad
2159,Naiara Azevedo
2160,The Red Jumpsuit Apparatus
2161,Berlin
2162,Interplanetary Criminal
2163,Kaifi Khalil
2164,Lary Over
2165,Vaundy
2166,grandson
2167,Bo Burnham
2168,High School Musical Cast
2169,Jordin Sparks
2170,Bnxn
2171,Jon Bellion
2172,Lil Tracy
2173,Pyotr Ilyich Tchaikovsky
2174,MC Kevinho
2175,Village People
2176,Alex Ubago
2177,Allman Brothers Band
2178,Juicy J
2179,Belo
2180,Alina Baraz
2181,Bappi Lahiri
2182,Uncle Kracker
2183,BROCKHAMPTON
2184,Craig David
2185,WOS
2186,Los Cadetes De Linares
2187,HRVY
2188,Sonny Fodera
2189,CORBAL
2190,Nic D
2191,Diego Verdaguer
2192,T3R Elemento
2193,Nitesh Ujoli
2194,Sunny Yaduvanshi
2195,cade clair
2196,Lou Bega
2197,Sheila On 7
2198,Toledo
2199,Sorriso Maroto
2200,Paolo Nutini
2201,Hensonn
2202,Lali
2203,Chaka Khan
2204,Grupo Los de la O
2205,Os BarÃµes Da Pisadinha
2206,Sefo
2207,R.K.M & Ken-Y
2208,Priya Saraiya
2209,MC Celo BK
2210,Ãejo & Dalmata
2211,Corona
2212,Poppy Baskcomb
2213,Silambarasan TR
2214,Los Abuelos De La Nada
2215,Jaziel Avilez
2216,Dylan Matthew
2217,$werve
2218,Lucas Estrada
2219,CÃ³digo FN
2220,Yo-Yo Ma
2221,Corey Kent
2222,Keala Settle
2223,Zak Abel
2224,A-Trak
2225,Fabio Asher
2226,Sickick
2227,Sanam
2228,Gustavo Cerati
2229,Reynmen
2230,Ado
2231,Redbone
2232,Gabriela Rocha
2233,Royal Philharmonic Orchestra
2234,Amy Macdonald
2235,Tippu
2236,Bullet For My Valentine
2237,That Mexican OT
2238,Fernando & Sorocaba
2239,Kenny Beats
2240,Ken-Y
2241,James TW
2242,Chimbala
2243,Richard Marx
2244,Los Invasores De Nuevo LeÃ³n
2245,Noah
2246,The Greatest Showman Ensemble
2247,Roberta Flack
2248,Chris Janson
2249,Pav Dharia
2250,The Backseat Lovers
2251,putri dahlia
2252,Stacey Ryan
2253,MC Caverinha
2254,Hugh Jackman
2255,Iggy Pop
2256,Caio Luccas
2257,Janieck
2258,Grupo Mojado
2259,Gigamesh
2260,Mano
2261,Rupert Holmes
2262,Manni Sandhu
2263,Imran Khan
2264,Michel TelÃ³
2265,Mijares
2266,Lil Mabu
2267,Jon Batiste
2268,Kaash Paige
2269,Erik Satie
2270,Switch Disco
2271,Jaden
2272,MUPP
2273,Joel De La P
2274,Carly Pearce
2275,Roisee
2276,SCH
2277,Naresh Kamath
2278,Barry White
2279,OBOY
2280,Leon James
2281,The Magician
2282,BjÃ¶rn Skifs
2283,Prabh Singh
2284,S.P. Charan
2285,Jawsh 685
2286,Paresh Kamath
2287,R. Kelly
2288,Tesher
2289,Morray
2290,Rixton
2291,Conrad Sewell
2292,Tom Misch
2293,Thin Lizzy
2294,Zahrah S Khan
2295,Anson Seabra
2296,Kid Ink
2297,cakal
2298,Nena
2299,NEIMY
2300,Guilherme & Santiago
2301,Hadise
2302,Hollywood Undead
2303,DVBBS
2304,Arem Ozguc
2305,Arman Aydin
2306,Pooh Shiesty
2307,Claptone
2308,Sam Tompkins
2309,Super Yei
2310,Pablo Chill-E
2311,Anna Kendrick
2312,Grupo RevelaÃ§Ã£o
2313,Mitchell Tenpenny
2314,Nico & Vinz
2315,Inspector
2316,Ammy Virk
2317,DÃ­melo Flow
2318,Ken Carson
2319,RunâD.M.C.
2320,James Brown
2321,Warren Zeiders
2322,DJ Ak beats
2323,Liana Flores
2324,Fabolous
2325,Monica
2326,Madcon
2327,Alexis y Fido
2328,Rick Springfield
2329,Emir Can Ä°Ärek
2330,A Great Big World
2331,Divya Kumar
2332,Los Gemelos De Sinaloa
2333,XG
2334,MC Davo
2335,Tiziano Ferro
2336,Cheap Trick
2337,Daniel Hope
2338,Against The Current
2339,Mc Tato
2340,Geolier
2341,Chani Nattan
2342,Mani Sharma
2343,Bryce Vine
2344,Dent May
2345,Aleks Syntek
2346,Luca-Dante Spadafora
2347,Adie
2348,Ananya Bhat
2349,Ben Howard
2350,Pixote
2351,Barbra Streisand
2352,Ludwig GÃ¶ransson
2353,Mukesh
2354,Niska
2355,Major RD
2356,Amanda Seyfried
2357,Ranjith Govind
2358,Tedua
2359,Luther Vandross
2360,MERO
2361,ZHU
2362,jnhygs
2363,Ray LaMontagne
2364,Poison
2365,Four Tet
2366,JosÃ© Feliciano
2367,Wheatus
2368,PnB Rock
2369,DYSTINCT
2370,Vegedream
2371,Nadson O Ferinha
2372,Kanishk Seth
2373,Vicentico
2374,LIZOT
2375,Peter Plate
2376,Showtek
2377,Blind Melon
2378,Mustafa Zahid
2379,Dan Caplen
2380,fam0uz
2381,Yovie Widianto
2382,Hypaton
2383,Dybbukk
2384,Carpenters
2385,Disco Lines
2386,Ulf Leo Sommer
2387,Staind
2388,Vicetone
2389,Ben&Ben
2390,Olivia O'Brien
2391,Shiraz Uppal
2392,Julien Marchal
2393,RubÃ©n Blades
2394,Aloe Blacc
2395,Kapil Kapilan
2396,Kontra K
2397,Ali Sethi
2398,Pouya
2399,Ayparia
2400,t.A.T.u.
2401,Xanemusic
2402,Nina Chuba
2403,Fran C
2404,Night Lovell
2405,Sophie and the Giants
2406,ZÃ© Vaqueiro
2407,Otto Knows
2408,Ravi Basrur
2409,Lucas & Steve
2410,Harish Raghavendra
2411,MÅnia
2412,Blue Swede
2413,Gorgon City
2414,SXMPRA
2415,Hamza
2416,Ikka
2417,Srinivas
2418,MÃ½a
2419,Take That
2420,Toni Braxton
2421,Rich Music LTD
2422,Madan Mohan
2423,Snakehips
2424,Shae Gill
2425,Tay-K
2426,Waylon Jennings
2427,Shoti
2428,JoÃ£o Bosco & Vinicius
2429,Djavan
2430,Fedez
2431,CHVRCHES
2432,DJ Yuri Martins
2433,Salt-N-Pepa
2434,Skank
2435,Dhibu Ninan Thomas
2436,Manan Bhardwaj
2437,Jon Secada
2438,j-hope
2439,Joy Division
2440,Pinguini Tattici Nucleari
2441,La T y La M
2442,Modest Mouse
2443,Afro Bros
2444,thiarajxtt
2445,Mr Eazi
2446,Twista
2447,Naughty Boy
2448,Kizz Daniel
2449,Pinkfong
2450,Laura Branigan
2451,BIN
2452,DJ Scheme
2453,Molotov
2454,Hande Yener
2455,TWISTED
2456,Julio Iglesias
2457,I Prevail
2458,PNL
2459,Damas Gratis
2460,Baby Bash
2461,Yellowcard
2462,Dj Chetas
2463,Shruti Pathak
2464,ANOTR
2465,Meat Loaf
2466,La Sonora Dinamita
2467,NO1-NOAH
2468,lucaf.
2469,Sebastian Ingrosso
2470,Puddle Of Mudd
2471,Headie One
2472,Spandau Ballet
2473,Rkomi
2474,Imogen Heap
2475,Annalisa
2476,Travis Tritt
2477,LegiÃ£o Urbana
2478,Agust D
2479,Seu Jorge
2480,Drowning Pool
2481,Onda Sabanera
2482,Mura Masa
2483,SG Lewis
2484,Grupo Recluta
2485,Chalino Sanchez
2486,Styx
2487,Kris Kristofferson
2488,Tierry
2489,Ritviz
2490,Merk & Kremont
2491,Parson James
2492,Christopher Jackson
2493,Rush
2494,YBN Nahmir
2495,JosÃ© Luis Perales
2496,Olamide
2497,Shalmali Kholgade
2498,La Receta
2499,Violet Days
2500,BigDoggy
2501,Costa
2502,SHAN PUTHA
2503,Dinesh Gamage
2504,Manuranga Wijesekara
2505,Kanchana Anuradhi
2506,Amith Guru
2507,Supun Perera
2508,Chamath Sangeeth
2509,Kevin Smokio
2510,Arl1ny
2511,Konina
2512,Thezth
2513,Wasthi
2514,Dr.BSKing
2515,Ridma Weerawardena
2516,Charitha Attalage
2517,Hector Zazou
2518,Swara
2519,William Singe
2520,Beyoncé
2521,L.V.
2522,ONI INC.
2523,Netuh
2524,SAYGRACE
2525,Demented Sound Mafia
2526,Kovacs
2527,Akshay Kumar
2528,Nupur Sanon
2529,Akhil Sachdeva
2530,Shashwat Singh
2531,Yash Narvekar
2532,Varun Dhawan
2533,Sukhbir
2534,Dev Negi
2535,Tony Kakkar
2536,Young Desi
